[{"@type":"mappingTemplate","id":"@1","name":"2_STG_D_MODIFIER_TBL","description":"","bundleVersion":"0","templateId":"@3","deployTime":1651527801000,"hasParameters":false,"valid":true,"fixedConnection":true,"hasParametersDeployed":false,"fixedConnectionDeployed":true,"tasks":0,"mappingPreviewFileRecordId":"@2","documentType":"MAPPING","references":[{"@type":"reference","refObjectId":"@7siaizbyh2BemIlwO177Y3","refType":"connection"},{"@type":"reference","refObjectId":"@1eWHqvqsYyDkVCrIoTjWey","refType":"connection"}]}]