[{"@type":"mappingTemplate","id":"@1","name":"1_STG_D_MODIFIER_TEMPTBL","description":"","bundleVersion":"0","templateId":"@3","deployTime":1651526137000,"hasParameters":false,"valid":true,"fixedConnection":true,"hasParametersDeployed":false,"fixedConnectionDeployed":true,"tasks":0,"mappingPreviewFileRecordId":"@2","documentType":"MAPPING","references":[{"@type":"reference","refObjectId":"@8pcMp9uBraabvLYTveUdmF","refType":"connection"},{"@type":"reference","refObjectId":"@7siaizbyh2BemIlwO177Y3","refType":"connection"}]}]