[{"@type":"mtTask","id":"@1","name":"M_010.010.130.- Stg D Contact","description":"","runtimeEnvironmentId":"@93vKbFbnUHIk0fFR6RGdSR","maxLogs":10,"verbose":false,"lastRunTime":1652742134000,"mappingId":"@0I9UW7ypuKTiAAquHXO0kF","shortDescription":"","sessionPropertiesList":[{"name":"Allow Temporary Sequence for Pushdown","value":"NO","recommended":false},{"name":"Allow Temporary View for Pushdown","value":"NO","recommended":false},{"name":"Pushdown Optimization","value":"None","recommended":false},{"name":"Pushdown Optimization Context","value":"None","recommended":false},{"name":"Run Only In Pushdown Mode","value":"NO","recommended":false}],"enableCrossSchemaPushdown":true,"enableParallelRun":false,"autoTunedApplied":false,"autoTunedAppliedType":"NONE","paramFileType":"PARAM_FILE_LOCAL","schemaMode":"async","parameterFileEncoding":"UTF-8","serverlessProperties":{},"taskProperties":[{"@type":"taskProperty","name":"parameterFileDir","currentValue":"","type":"STRING","label":"label.parameterFileDir","required":false},{"@type":"taskProperty","name":"parameterFileName","currentValue":"","type":"STRING","label":"label.parameterFileName","required":false}],"parameters":[{"@type":"mtTaskParameter","id":8504458,"name":"$DSRC_Stg_d_contact$","type":"SOURCE","label":"DSRC_Stg_d_contact","uiProperties":{"connectionParameterized":"false","objectParameterized":"false","visible":"false"},"sourceConnectionId":"@aZop82Ze5Ygi9hwwpSVfiP","sourceObject":"DUMMY_DSRC_Stg_d_contact","newFlatFile":false,"newObject":false,"showBusinessNames":false,"naturalOrder":true,"truncateTarget":false,"bulkApiDBTarget":false,"customFuncCfg":{"@type":"customFuncConfig","id":-1,"connections":[],"inputMap":[],"outputFields":[]},"tgtFieldRefs":{},"targetUpdateColumns":[],"runtimeAttrs":{},"isRESTModernSource":true,"customQuery":"Select Distinct \n\t\tCnt.Id                                        As CONTACT_CODE, \n\t\tInitcap(Cnt.Lastname)                         As CONTACT_LAST_NAME, \n\t\tInitcap(Cnt.Firstname)                        As CONTACT_FIRST_NAME, \n\t\tCnt.Emailaddress1                             As EMAIL_ADDRESS, \n\t\tCnt.Emailaddress2                             As EMAIL_ADDRESS_SECONDARY, \n\t\tPus.Externaluser                              As EXTERNAL_TYPE, \n\t\tUty.Typecode                                  As CONTACT_TYPE, \n\t\tCrd.Active                                    As ACTIVE, \n\t\tCrd.Username                                  As LOGIN, \n\t\tDecode(Crd.Lockdate, Null, 'FALSE', 'TRUE')   As USER_LOCKED, \n\t\tOrg.Name                                      As ORGANIZATION, \n\t\tOrg.Id                                        As ORGANIZATION_CODE, \n\t\tPlc.Licensenumber                             As LICENSE_NUMBER, \n\t\tTo_char(Trunc(Plc.Effectivedate), 'YYYYMMDD') As LICENSE_EFFECTIVE_DATE,\n\t\tPlo.Licensenumber                             As ORG_LICENSE_NUMBER, \n\t\tTo_char(Trunc(Plo.Effectivedate), 'YYYYMMDD') As ORG_LICENSE_EFFECTIVE_DATE,\n\t\tPlo.Comments\t\t\t\t\t\t\t\t  As ORG_COMMENTS,\n\t\tCnt.RETIRED\t\t\t\t\t\t\t\t\t  As RETIRED,\n\t\tNvl(Pus.activesalesforceuser_ext,0)      \t  As Active_SF_Flag,\n\t\tTcnt.Org_Tier_Count\t\t\t\t\t\t\t  As Org_Tier_Count,\n\t\tCrd.PublicId\t\t\t\t\t\t\t\t  As Public_ID,\n\t\tGrp.Name \t\t\t\t\t\t\t\t\t  As Group_Name\nFrom   \t\tPc_contact \t\tCnt\nJoin \t\tPc_user \t\tPus On Cnt.Id\t\t      \t= Pus.Contactid  \nJoin \t\tPctl_usertype \tUty On Pus.Usertype\t\t\t= Uty.Id\nJoin \t\tPc_credential \tCrd On Pus.Credentialid   \t= Crd.Id  \nJoin \t\tPc_organization Org On Pus.Organizationid \t= Org.Id  \nLeft Join \tPcx_producerlicense_ext Plc On Pus.Id\t\t= Plc.Agent And Plc.Retired = 0  \nLeft Join \tPcx_producerlicense_ext Plo On Pus.Id\t\t= Plo.Organization And Plo.Retired = 0\nLeft Join (\n\tSelect Org.Name, Org.Id, Count(Uw.Name) As Org_Tier_Count\n\tFrom   \tPc_organization \t\t\tOrg \n\tJoin \tPcx_organizationtier_ext \tOt  On Ot.Organization = Org.Id \n\tJoin \tPc_uwcompany \t\t\t\tUw  On Ot.Uwcompanycode = Uw.Code \n\tWhere  Org.Retired = 0 And Ot.Retired = 0 \n\tGroup  By Org.Id, Org.Name ) TCnt On Org.Id = TCnt.Id\nLeft Join (\n\tSelect Cnt.Id, Max(Grp.Name) Name\n\tFrom   \t\tPc_contact \t\tCnt\n\tJoin \t\tPc_user \t\tPus On Cnt.Id\t\t      \t= Pus.Contactid  \n\tJoin \t\tPctl_usertype \tUty On Pus.Usertype\t\t\t= Uty.Id\n\tJoin \t\tPc_credential \tCrd On Pus.Credentialid   \t= Crd.Id  \n\tJoin \t\tPc_organization Org On Pus.Organizationid \t= Org.Id  \n\tLeft Join \tpc_groupuser \tUgr On Pus.id \t\t\t\t= Ugr.userid \n\tLeft Join \tpc_group \t\tGrp On Ugr.groupid \t\t\t= Grp.id\n\tWhere Pus.ExternalUser=0\n\tGroup By Cnt.id ) Grp On Cnt.Id = Grp.Id","isFileList":false,"handleSpecialChars":false,"frsAsset":false,"dynamicFileName":false,"currentlyProcessedFileName":false,"retainFieldMetadata":false,"objectName":"DUMMY_DSRC_Stg_d_contact","fetchMode":"ORIGINAL","tgtObjectAttributes":{},"runtimeParameterData":{"@type":"mtTaskRuntimeParameterData","isConnectionRuntimeParameter":false,"isObjectRuntimeParameter":false},"overriddenFields":[]},{"@type":"mtTaskParameter","id":8504459,"name":"$Stg_d_contact$","type":"TARGET","label":"Stg_d_contact","uiProperties":{"connectionParameterized":"false","objectParameterized":"false","visible":"false","defaultTargetUpdateColumns":"","supportApplyDDLChanges":"true"},"targetConnectionId":"@2B392suxrOOkuwdzzTzqmN","targetObject":"STG_D_CONTACT","targetObjectLabel":"STG_D_CONTACT","newFlatFile":false,"newObject":false,"showBusinessNames":false,"naturalOrder":true,"truncateTarget":true,"bulkApiDBTarget":false,"operationType":"Insert","customFuncCfg":{"@type":"customFuncConfig","id":-1,"connections":[],"inputMap":[],"outputFields":[]},"tgtFieldRefs":{},"targetUpdateColumns":[],"extendedObject":{"@type":"extendedObject","filters":[],"sortFields":[]},"runtimeAttrs":{},"isRESTModernSource":true,"isFileList":false,"handleSpecialChars":false,"frsAsset":false,"dynamicFileName":false,"currentlyProcessedFileName":false,"retainFieldMetadata":false,"objectName":"STG_D_CONTACT","objectLabel":"STG_D_CONTACT","fetchMode":"ORIGINAL","tgtObjectAttributes":{},"targetSchemaMode":"DONT_APPLY_CHANGES","runtimeParameterData":{"@type":"mtTaskRuntimeParameterData","isConnectionRuntimeParameter":false,"isObjectRuntimeParameter":false},"overriddenFields":[]}],"sequences":[],"inOutParameters":[],"connRuntimeAttrs":[]}]