[{"@type":"mappingTemplate","id":"@1","name":"M_010.010.120.- Stg Temporary Tables","description":"","bundleVersion":"0","templateId":"@3","deployTime":1652736540000,"hasParameters":false,"valid":true,"fixedConnection":true,"hasParametersDeployed":false,"fixedConnectionDeployed":true,"tasks":2,"mappingPreviewFileRecordId":"@2","documentType":"MAPPING","references":[{"@type":"reference","refObjectId":"@7siaizbyh2BemIlwO177Y3","refType":"connection"},{"@type":"reference","refObjectId":"@aZop82Ze5Ygi9hwwpSVfiP","refType":"connection"}]}]