[{"@type":"mtTask","id":"@1","name":"M_010.010.110.- Stg Contact Addres","description":"","runtimeEnvironmentId":"@93vKbFbnUHIk0fFR6RGdSR","maxLogs":10,"verbose":false,"lastRunTime":1652741906000,"mappingId":"@fYvMFwWjp89hKG7uUM8FC1","shortDescription":"","sessionPropertiesList":[{"name":"Allow Temporary Sequence for Pushdown","value":"NO","recommended":false},{"name":"Allow Temporary View for Pushdown","value":"NO","recommended":false},{"name":"Pushdown Optimization","value":"None","recommended":false},{"name":"Pushdown Optimization Context","value":"None","recommended":false},{"name":"Run Only In Pushdown Mode","value":"NO","recommended":false}],"enableCrossSchemaPushdown":true,"enableParallelRun":false,"autoTunedApplied":false,"autoTunedAppliedType":"NONE","paramFileType":"PARAM_FILE_LOCAL","schemaMode":"async","parameterFileEncoding":"UTF-8","serverlessProperties":{},"taskProperties":[{"@type":"taskProperty","name":"parameterFileDir","currentValue":"","type":"STRING","label":"label.parameterFileDir","required":false},{"@type":"taskProperty","name":"parameterFileName","currentValue":"","type":"STRING","label":"label.parameterFileName","required":false}],"parameters":[{"@type":"mtTaskParameter","id":8504472,"name":"$DSRC_Contact_Address$","type":"SOURCE","label":"DSRC_Contact_Address","uiProperties":{"connectionParameterized":"false","objectParameterized":"false","visible":"false"},"sourceConnectionId":"@aZop82Ze5Ygi9hwwpSVfiP","sourceObject":"DUMMY_DSRC_Contact_Address","newFlatFile":false,"newObject":false,"showBusinessNames":false,"naturalOrder":true,"truncateTarget":false,"bulkApiDBTarget":false,"customFuncCfg":{"@type":"customFuncConfig","id":-1,"connections":[],"inputMap":[],"outputFields":[]},"tgtFieldRefs":{},"targetUpdateColumns":[],"runtimeAttrs":{},"isRESTModernSource":true,"customQuery":"Select Distinct  Tm.* From \n(\nSelect C.Id AS contactid, \n\tCASE WHEN X.Contaddr IS null THEN  NULL ELSE Adr.Id  end AS addressid,\n\tCASE WHEN X.Contaddr IS null THEN  NULL else A.Addressid END  AS  contactaddresid,  \n\tCase When X.Contaddr IS null THEN  NULL ELSE C.Primaryaddressid end AS ContactPrimaryaddressid, \n\tCase When X.Contaddr IS null THEN  NULL ELSE X.Contactid END AS Mxcontactid, \n\tCase When X.Contaddr IS null THEN  NULL ELSE X.Mxaddressid END  AS Mxaddressid, \n\tCase When X.Contaddr IS null THEN  NULL ELSE X.Contaddr END  AS MxContaddr, \n\tCase When X.Contaddr IS null THEN  NULL ELSE adr.Addressline1 END  AS Addressline1, \n\tCase When X.Contaddr IS null THEN  NULL ELSE adr.Addressline2 END  AS Addressline2, \n\tCase When X.Contaddr IS null THEN  NULL ELSE Substr(adr.Postalcode, 1, 5)END As Postalcode, \n\tCase When X.Contaddr IS null THEN  NULL ELSE T.Typecode END  AS Typecode, \n\tCase When X.Contaddr IS null Then 1 Else 0 End case1,\n\tCase When T.Typecode = 'mailing_ext' And X.Contaddr = 1 Then 1 Else 0 End case2, \n\tCase When T.Typecode = 'mailing_ext' And X.Contaddr > 1 And A.Addressid = C.Primaryaddressid Then  1 Else 0  END case3,\n\tCase When T.Typecode = 'mailing_ext' And X.Contaddr > 1 And A.Addressid <> C.Primaryaddressid And A.Addressid = X.Mxaddressid\n\tThen  1 Else 0 End  As Case4 \nFrom  \t\tPc_contact \t\t\tC \nLeft Join \tPc_contactaddress \tA \tOn A.Contactid \t= C.Id \nLeft Join \tPc_address \t\t\tAdr On Adr.Id \t\t= A.Addressid \nleft Join \tPctl_addresstype \tT \tOn T.Id \t\t= Adr.Addresstype \nLeft Join \tPc_contactaddress \tAa \tOn Aa.Contactid = C.Id And Aa.Addressid = C.Primaryaddressid     \nLeft Join (\n\t\tSelect \tCa.Contactid, \n\t\t\t\tT.Typecode, \n\t\t\t\tCount(Distinct Ca.Addressid) contaddr, \n\t\t\t\tMax(Ca.Addressid)            MxAddressid \n\t\tFrom   \t\tPc_address \t\t\tP \n\t\tJoin \t\tPctl_addresstype \tT  On T.Id \t\t\t= P.Addresstype \n\t\tLeft Join \tPc_contactaddress \tCa On Ca.Addressid \t= P.Id \n\t\tWhere  T.Typecode = 'mailing_ext' \n\t\tGroup  By Ca.Contactid, T.Typecode) X On A.Contactid = X.Contactid \nOrder  By 1   ) Tm\nWhere case1=1 OR case2=1 OR case3=1 OR case4=1","isFileList":false,"handleSpecialChars":false,"frsAsset":false,"dynamicFileName":false,"currentlyProcessedFileName":false,"retainFieldMetadata":false,"objectName":"DUMMY_DSRC_Contact_Address","fetchMode":"ORIGINAL","tgtObjectAttributes":{},"runtimeParameterData":{"@type":"mtTaskRuntimeParameterData","isConnectionRuntimeParameter":false,"isObjectRuntimeParameter":false},"overriddenFields":[]},{"@type":"mtTaskParameter","id":8504473,"name":"$STG_Contact_Adress$","type":"TARGET","label":"STG_Contact_Adress","uiProperties":{"connectionParameterized":"false","objectParameterized":"false","visible":"false","defaultTargetUpdateColumns":"","supportApplyDDLChanges":"true"},"targetConnectionId":"@aZop82Ze5Ygi9hwwpSVfiP","targetObject":"STG_CONTACT_ADDRESS","targetObjectLabel":"STG_CONTACT_ADDRESS","newFlatFile":false,"newObject":true,"showBusinessNames":false,"naturalOrder":true,"newObjectName":"STG_CONTACT_ADDRESS","truncateTarget":true,"bulkApiDBTarget":false,"operationType":"Insert","customFuncCfg":{"@type":"customFuncConfig","id":-1,"connections":[],"inputMap":[],"outputFields":[]},"tgtFieldRefs":{},"targetUpdateColumns":[],"extendedObject":{"@type":"extendedObject","filters":[],"sortFields":[]},"runtimeAttrs":{},"isRESTModernSource":true,"isFileList":false,"handleSpecialChars":false,"frsAsset":false,"dynamicFileName":false,"currentlyProcessedFileName":false,"retainFieldMetadata":false,"objectName":"STG_CONTACT_ADDRESS","objectLabel":"STG_CONTACT_ADDRESS","fetchMode":"ORIGINAL","tgtObjectAttributes":{},"targetSchemaMode":"DONT_APPLY_CHANGES","runtimeParameterData":{"@type":"mtTaskRuntimeParameterData","isConnectionRuntimeParameter":false,"isObjectRuntimeParameter":false},"overriddenFields":[]}],"sequences":[],"inOutParameters":[],"connRuntimeAttrs":[]}]