[{"@type":"drsTask","id":"@1","name":"Replication Task1","description":"copying data from one table to other","maxLogs":10,"sourceConnectionId":"@7siaizbyh2BemIlwO177Y3","targetConnectionId":"@1eWHqvqsYyDkVCrIoTjWey","verbose":false,"fullRefresh":true,"replicateAllObjects":true,"removeDeleted":true,"queryAll":false,"srcShowLabels":false,"maxRows":0,"stopOnError":true,"replicationObjects":[],"excludedReplicationObjects":[],"majorUpdateTime":1651695767000,"metadataMode":0,"bulkApi":false,"base64BodySize":0.0,"bulkApiDBTarget":true,"fieldExclusions":[],"filters":[],"advancedFilters":[]}]