[{"@type":"mappingTemplate","id":"@1","name":"010.020.010.- M_F_Claims_LTD_IME","description":"","bundleVersion":"0","templateId":"@3","deployTime":1651185163000,"hasParameters":false,"valid":true,"fixedConnection":true,"hasParametersDeployed":false,"fixedConnectionDeployed":true,"tasks":1,"mappingPreviewFileRecordId":"@2","documentType":"MAPPING","references":[{"@type":"reference","refObjectId":"@7siaizbyh2BemIlwO177Y3","refType":"connection"},{"@type":"reference","refObjectId":"@4A5rvBKOVatgAUwFF15mMF","refType":"connection"},{"@type":"reference","refObjectId":"@1eWHqvqsYyDkVCrIoTjWey","refType":"connection"}]}]