[{"@type":"mappingTemplate","id":"@1","name":"M_010.010.130.- Stg D Contact","description":"Stg Contact Dimension ","bundleVersion":"0","templateId":"@3","deployTime":1652731573000,"hasParameters":false,"valid":true,"fixedConnection":true,"hasParametersDeployed":false,"fixedConnectionDeployed":true,"tasks":2,"mappingPreviewFileRecordId":"@2","documentType":"MAPPING","references":[{"@type":"reference","refObjectId":"@aZop82Ze5Ygi9hwwpSVfiP","refType":"connection"},{"@type":"reference","refObjectId":"@2B392suxrOOkuwdzzTzqmN","refType":"connection"}]}]