[{"@type":"mappingTemplate","id":"@1","name":"M_010.020.020.- Update Contact Current Flag","description":"","bundleVersion":"0","templateId":"@3","deployTime":1652732429000,"hasParameters":false,"valid":true,"fixedConnection":true,"hasParametersDeployed":false,"fixedConnectionDeployed":true,"tasks":1,"mappingPreviewFileRecordId":"@2","documentType":"MAPPING","references":[{"@type":"reference","refObjectId":"@4A5rvBKOVatgAUwFF15mMF","refType":"connection"},{"@type":"reference","refObjectId":"@1eWHqvqsYyDkVCrIoTjWey","refType":"connection"}]}]