[{"@type":"mappingTemplate","id":"@1","name":"010.010.020.- M_Delete Duplicate Contact","description":"","bundleVersion":"0","templateId":"@3","deployTime":1650925167000,"hasParameters":false,"valid":true,"fixedConnection":true,"hasParametersDeployed":false,"fixedConnectionDeployed":true,"tasks":0,"mappingPreviewFileRecordId":"@2","documentType":"MAPPING","references":[{"@type":"reference","refObjectId":"@2B392suxrOOkuwdzzTzqmN","refType":"connection"},{"@type":"reference","refObjectId":"@7siaizbyh2BemIlwO177Y3","refType":"connection"}]}]