[{"@type":"mtTask","id":"@1","name":"CLAIMS_JOB","description":"","runtimeEnvironmentId":"@93vKbFbnUHIk0fFR6RGdSR","maxLogs":10,"verbose":false,"lastRunTime":1650651896000,"mappingId":"@9xoPuOfz74gifwbLmirJcl","shortDescription":"","sessionPropertiesList":[{"name":"Allow Temporary Sequence for Pushdown","value":"NO","recommended":false},{"name":"Allow Temporary View for Pushdown","value":"NO","recommended":false},{"name":"Pushdown Optimization","value":"None","recommended":false}],"enableCrossSchemaPushdown":true,"enableParallelRun":false,"autoTunedApplied":false,"autoTunedAppliedType":"NONE","paramFileType":"PARAM_FILE_LOCAL","schemaMode":"async","parameterFileEncoding":"UTF-8","serverlessProperties":{},"taskProperties":[{"@type":"taskProperty","name":"parameterFileDir","currentValue":"","type":"STRING","label":"label.parameterFileDir","required":false},{"@type":"taskProperty","name":"parameterFileName","currentValue":"","type":"STRING","label":"label.parameterFileName","required":false}],"parameters":[{"@type":"mtTaskParameter","id":8123424,"name":"$Source$","type":"SOURCE","label":"Source","uiProperties":{"connectionParameterized":"false","objectParameterized":"false","visible":"false"},"sourceConnectionId":"@aZop82Ze5Ygi9hwwpSVfiP","sourceObject":"DUMMY_Source","newFlatFile":false,"newObject":false,"showBusinessNames":false,"naturalOrder":true,"truncateTarget":false,"bulkApiDBTarget":false,"customFuncCfg":{"@type":"customFuncConfig","id":-1,"connections":[],"inputMap":[],"outputFields":[]},"tgtFieldRefs":{},"targetUpdateColumns":[],"runtimeAttrs":{},"isRESTModernSource":true,"customQuery":"Select \tJob.Id\t\t\t\t\t\tAs Job_id,\n\t\tPol.Id\t\t\t\t\t\tAs Pol_id\n\t\t\n\t\t\n \nFrom     Pc_policyperiod \t\t\t\tPol\n\tJoin Pc_policy \t\t\t\t\t\tPoH\tOn Pol.Policyid = Poh.Id\n\tJoin Pc_job \t\t\t\t\t\tJob On Pol.Jobid\t= Job.Id\n    Join Pc_policyterm \t\t\t\t\tPoT\tOn PoT.Id \t\t= Pol.Policytermid\n\tJoin Pctl_job \t\t\t\t\t\tJtp On Job.Subtype \t= Jtp.Id\n\tJoin Pc_jobuserroleassign \t\t\tJrl On Job.Id \t\t= Jrl.Jobid And Jrl.Retired = 0\n\tJoin Pctl_userrole \t\t\t\t\tJus On Jrl.Role \t= Jus.Id And Jus.Name = 'Underwriter'\n\tLeft Join Pc_producercode \t\t\tPrd On Prd.Id \t\t= Pol.Producercodeofrecordid\n\tLeft Join Pctl_policyperiodstatus \tSts On Sts.Id\t\t= Pol.Status\nWhere  --//Indicates that Wage Report are excluded//--\n       Not Exists (\n          Select *\n\t\t\tFrom Pc_job \t\t\t\tIJob\n\t\t\tJoin Pctl_job \t\t\t\tIJtp On IJob.Subtype = IJtp.Id\n\t\t\tJoin Pc_auditinformation \tIAud On IJob.Auditinformationid = IAud.Id\n\t\t\tWhere  IJtp.Typecode = 'Audit' And IAud.Auditscheduletype <> 3 And Job.Id = IJob.Id)\n       And Nvl(Pol.Policynumber, 0) Not Like '%d%'","isFileList":false,"handleSpecialChars":false,"frsAsset":false,"dynamicFileName":false,"currentlyProcessedFileName":false,"retainFieldMetadata":false,"objectName":"DUMMY_Source","fetchMode":"ORIGINAL","tgtObjectAttributes":{},"runtimeParameterData":{"@type":"mtTaskRuntimeParameterData","isConnectionRuntimeParameter":false,"isObjectRuntimeParameter":false},"overriddenFields":[]},{"@type":"mtTaskParameter","id":8123425,"name":"$Target$","type":"TARGET","label":"Target","uiProperties":{"connectionParameterized":"false","objectParameterized":"false","visible":"false","defaultTargetUpdateColumns":"","supportApplyDDLChanges":"true"},"targetConnectionId":"@2B392suxrOOkuwdzzTzqmN","targetObject":"TEST_1","targetObjectLabel":"TEST_1","newFlatFile":false,"newObject":true,"showBusinessNames":false,"naturalOrder":true,"newObjectName":"TEST_1","truncateTarget":true,"bulkApiDBTarget":false,"operationType":"Insert","customFuncCfg":{"@type":"customFuncConfig","id":-1,"connections":[],"inputMap":[],"outputFields":[]},"tgtFieldRefs":{},"targetUpdateColumns":[],"extendedObject":{"@type":"extendedObject","filters":[],"sortFields":[]},"runtimeAttrs":{},"isRESTModernSource":true,"isFileList":false,"handleSpecialChars":false,"frsAsset":false,"dynamicFileName":false,"currentlyProcessedFileName":false,"retainFieldMetadata":false,"objectName":"TEST_1","objectLabel":"TEST_1","fetchMode":"ORIGINAL","tgtObjectAttributes":{},"targetSchemaMode":"DONT_APPLY_CHANGES","runtimeParameterData":{"@type":"mtTaskRuntimeParameterData","isConnectionRuntimeParameter":false,"isObjectRuntimeParameter":false},"overriddenFields":[]}],"sequences":[],"inOutParameters":[],"connRuntimeAttrs":[]}]