[{"@type":"dssTask","id":"@1","name":"Synchronization Task1","description":"Copying data from one schema to other","maxLogs":10,"scheduleId":"@2","sourceConnectionId":"@7siaizbyh2BemIlwO177Y3","targetConnectionId":"@1eWHqvqsYyDkVCrIoTjWey","targetObject":"D_MODIFIER","targetObjectLabel":"D_MODIFIER","operation":"Insert","maxRows":0,"truncateTarget":true,"bulkApiDBTarget":true,"verbose":false,"targetMetadataUpdated":false,"modelVersion":"V3-R600","queryAll":false,"srcSettings":{"@type":"taskDataSourceSetting","isShowLabels":false,"isNaturalOrder":true},"tgtSettings":{"@type":"taskDataSourceSetting","isShowLabels":false,"isNaturalOrder":true},"cfSettings":{"@type":"taskDataSourceSetting","isShowLabels":false,"isNaturalOrder":false},"bulkApi":false,"bulkApiSerialMode":false,"bulkApiMonitor":false,"isTargetObjectSfCustom":false,"allowNullUpdates":false,"targetBatchSize":200,"assignmentRuleId":"-1","assignmentRuleType":"None","createSuccessFile":false,"bulkApiHardDelete":false,"srcRuntimeAttrs":{"@type":"taskRuntimeAttrs","attrs":{}},"tgtRuntimeAttrs":{"@type":"taskRuntimeAttrs","attrs":{}},"parameterFileEncoding":"UTF-8","serverlessProperties":{},"sourceObjects":[{"@type":"mObject","name":"STG_D_MODIFIER","label":"STG_D_MODIFIER","metadataUpdated":false,"relations":[],"children":[]}],"advancedFilters":[],"filters":[{"@type":"filter","objectName":"STG_D_MODIFIER","objectLabel":"STG_D_MODIFIER","field":"MODIFIER_CODE","fieldLabel":"MODIFIER_CODE","type":"STRING","operator":"equals","value":"LT,59"}],"fieldMaps":[{"@type":"fieldMap","id":"19670948","targetField":{"@type":"field","id":116349074,"name":"MODIFIER_CODE","type":"nvarchar","uniqueName":"MODIFIER_CODE","label":"MODIFIER_CODE","parentObject":"D_MODIFIER","pcType":"UNISTRING","precision":44,"scale":0,"columnIndex":0,"isKey":false,"isWaterMarkKey":false,"isExternalId":false,"isSfIdLookup":false,"isNullable":true,"isUnique":false,"isCreateable":false,"isUpdateable":true,"isFilterable":true,"isCalculated":false,"showLabel":false,"naturalOrder":0,"linkedFields":["MODIFIER_CODE"],"relatedInfos":[],"references":[]},"expression":"MODIFIER_CODE"},{"@type":"fieldMap","id":"19670949","targetField":{"@type":"field","id":116349075,"name":"MODIFIER","type":"nvarchar","uniqueName":"MODIFIER","label":"MODIFIER","parentObject":"D_MODIFIER","pcType":"UNISTRING","precision":44,"scale":0,"columnIndex":1,"isKey":false,"isWaterMarkKey":false,"isExternalId":false,"isSfIdLookup":false,"isNullable":true,"isUnique":false,"isCreateable":false,"isUpdateable":true,"isFilterable":true,"isCalculated":false,"showLabel":false,"naturalOrder":1,"linkedFields":["MODIFIER"],"relatedInfos":[],"references":[]},"expression":"MODIFIER"},{"@type":"fieldMap","id":"19670950","targetField":{"@type":"field","id":116349076,"name":"MODIFIER_CREATION_DATE","type":"timestamp","uniqueName":"MODIFIER_CREATION_DATE","label":"MODIFIER_CREATION_DATE","parentObject":"D_MODIFIER","pcType":"DATE","precision":23,"scale":3,"columnIndex":2,"isKey":false,"isWaterMarkKey":false,"isExternalId":false,"isSfIdLookup":false,"isNullable":true,"isUnique":false,"isCreateable":false,"isUpdateable":true,"isFilterable":true,"isCalculated":false,"showLabel":false,"naturalOrder":2,"linkedFields":["MODIFIER_CREATION_DATE"],"relatedInfos":[],"references":[]},"expression":"MODIFIER_CREATION_DATE"},{"@type":"fieldMap","id":"19670951","targetField":{"@type":"field","id":116349077,"name":"MODIFIER_UPDATE_DATE","type":"timestamp","uniqueName":"MODIFIER_UPDATE_DATE","label":"MODIFIER_UPDATE_DATE","parentObject":"D_MODIFIER","pcType":"DATE","precision":23,"scale":3,"columnIndex":3,"isKey":false,"isWaterMarkKey":false,"isExternalId":false,"isSfIdLookup":false,"isNullable":true,"isUnique":false,"isCreateable":false,"isUpdateable":true,"isFilterable":true,"isCalculated":false,"showLabel":false,"naturalOrder":3,"linkedFields":["MODIFIER_UPDATE_DATE"],"relatedInfos":[],"references":[]},"expression":"MODIFIER_UPDATE_DATE"},{"@type":"fieldMap","id":"19670952","targetField":{"@type":"field","id":116349078,"name":"MODIFIER_OBSERVATION","type":"nvarchar","uniqueName":"MODIFIER_OBSERVATION","label":"MODIFIER_OBSERVATION","parentObject":"D_MODIFIER","pcType":"UNISTRING","precision":1020,"scale":0,"columnIndex":4,"isKey":false,"isWaterMarkKey":false,"isExternalId":false,"isSfIdLookup":false,"isNullable":true,"isUnique":false,"isCreateable":false,"isUpdateable":true,"isFilterable":true,"isCalculated":false,"showLabel":false,"naturalOrder":4,"linkedFields":["MODIFIER_OBSERVATION"],"relatedInfos":[],"references":[]},"expression":"MODIFIER_OBSERVATION"}],"sourceFields":[{"@type":"field","id":116349079,"name":"MODIFIER_CODE","type":"nvarchar","uniqueName":"MODIFIER_CODE","label":"MODIFIER_CODE","parentObject":"STG_D_MODIFIER","pcType":"UNISTRING","precision":22,"scale":0,"columnIndex":0,"isKey":false,"isWaterMarkKey":false,"isExternalId":false,"isSfIdLookup":false,"isNullable":true,"isUnique":false,"isCreateable":false,"isUpdateable":true,"isFilterable":true,"isCalculated":false,"showLabel":false,"naturalOrder":0,"linkedFields":["MODIFIER_CODE"],"relatedInfos":[],"references":[]},{"@type":"field","id":116349080,"name":"MODIFIER","type":"nvarchar","uniqueName":"MODIFIER","label":"MODIFIER","parentObject":"STG_D_MODIFIER","pcType":"UNISTRING","precision":22,"scale":0,"columnIndex":1,"isKey":false,"isWaterMarkKey":false,"isExternalId":false,"isSfIdLookup":false,"isNullable":true,"isUnique":false,"isCreateable":false,"isUpdateable":true,"isFilterable":true,"isCalculated":false,"showLabel":false,"naturalOrder":1,"linkedFields":["MODIFIER"],"relatedInfos":[],"references":[]},{"@type":"field","id":116349081,"name":"MODIFIER_CREATION_DATE","type":"timestamp","uniqueName":"MODIFIER_CREATION_DATE","label":"MODIFIER_CREATION_DATE","parentObject":"STG_D_MODIFIER","pcType":"DATE","precision":23,"scale":3,"columnIndex":2,"isKey":false,"isWaterMarkKey":false,"isExternalId":false,"isSfIdLookup":false,"isNullable":true,"isUnique":false,"isCreateable":false,"isUpdateable":true,"isFilterable":true,"isCalculated":false,"showLabel":false,"naturalOrder":2,"linkedFields":["MODIFIER_CREATION_DATE"],"relatedInfos":[],"references":[]},{"@type":"field","id":116349082,"name":"MODIFIER_UPDATE_DATE","type":"timestamp","uniqueName":"MODIFIER_UPDATE_DATE","label":"MODIFIER_UPDATE_DATE","parentObject":"STG_D_MODIFIER","pcType":"DATE","precision":23,"scale":3,"columnIndex":3,"isKey":false,"isWaterMarkKey":false,"isExternalId":false,"isSfIdLookup":false,"isNullable":true,"isUnique":false,"isCreateable":false,"isUpdateable":true,"isFilterable":true,"isCalculated":false,"showLabel":false,"naturalOrder":3,"linkedFields":["MODIFIER_UPDATE_DATE"],"relatedInfos":[],"references":[]},{"@type":"field","id":116349083,"name":"MODIFIER_OBSERVATION","type":"nvarchar","uniqueName":"MODIFIER_OBSERVATION","label":"MODIFIER_OBSERVATION","parentObject":"STG_D_MODIFIER","pcType":"UNISTRING","precision":510,"scale":0,"columnIndex":4,"isKey":false,"isWaterMarkKey":false,"isExternalId":false,"isSfIdLookup":false,"isNullable":true,"isUnique":false,"isCreateable":false,"isUpdateable":true,"isFilterable":true,"isCalculated":false,"showLabel":false,"naturalOrder":4,"linkedFields":["MODIFIER_OBSERVATION"],"relatedInfos":[],"references":[]}],"sortFields":[],"groupFields":[]}]