[{"@type":"mappingTemplate","id":"@1","name":"010.020.010.- M_D_Contact","description":"","bundleVersion":"0","templateId":"@3","deployTime":1652726391000,"hasParameters":false,"valid":true,"fixedConnection":true,"hasParametersDeployed":false,"fixedConnectionDeployed":true,"tasks":0,"mappingPreviewFileRecordId":"@2","documentType":"","references":[{"@type":"reference","refObjectId":"@2B392suxrOOkuwdzzTzqmN","refType":"connection"},{"@type":"reference","refObjectId":"@4A5rvBKOVatgAUwFF15mMF","refType":"connection"}]}]